Ryoma Ishizaki,baz4071@gmail.com,wqdsa,wadgrfhj
Ryoma Ishizaki,baz4071@gmail.com,Helllo,Yeah!!!!!!!
Ryoma Ishizakihh,baz4071@gmail.com,we,sdfsdf
Ryoma Ishizakihh,baz4071@gmail.com,we,sdfsdf
Ryoma Ishizakihh,baz4071@gmail.com,we,sdfsdf
Ryoma Ishizakihh,baz4071@gmail.com,we,sdfsdf
Ryoma Ishizaki32,baz4071@gmail.com,sdrtfyg,aersdtfygui
Ryoma Ishizaki32456,baz4071@gmail.com,werth,r2dtyjk,,,dscasqwasfdv
,,,hkhipho
,,,fgcjvkhbjlknl
hello,baz4071@gmail.com,hello,hello
"Ryoma Ishizaki",baz4071@gmail.com,dc,dwds
john,baz4071@gmail.com,aaa,bbb
