,b@c.com,c,,,,,,,,,,,,,,,,,,,,,,,,,,,,,
,b@c.com,c,,,,,,,,,,,,,,,,,,,,,,,,,,,,,
,b@c.com,c,,,,,,,,,,,,,,,,,,,,,,,,,,,,,
,b@c.com,c,,,,,,,,,,,,,,,,,,,,,,,,,,,,,
,b@c.com,c,,,,,,,,,,,,,,,,,,,,,,,,,,,,,
,b@c.com,c,,,,,,,,,,,,,,,,,,,,,,,,,,,,,
,b@c.com,c,,,,,,,,,,,,,,,,,,,,,,,,,,,,,
,b@c.com,c,,,,,,,,,,,,,,,,,,,,,,,,,,,,,
,b@c.com,c,,,,,,,,,,,,,,,,,,,,,,,,,,,,,
,b@c.com,c,,,,,,,,,,,,,,,,,,,,,,,,,,,,,
,b@c.com,c,,,,,,,,,,,,,,,,,,,,,,,,,,,,,
a,b@c.com,c,,,,,,,,,,,,,,,,,,,,,,,,,,,,,
a,b@c.com,c,Array,
a,b@c.com,c,"2 People",
a,b@c.com,c,"2 People",
a,b@c.com,c,"2 People",05/02/2018
a,b@c.com,c,"1 Person","2 People",05/02/2018
a,b@c.com,c,"1 Person","2 People",05/02/2018
a,b@c.com,c,"1 Person","2 People",05/02/2018
"Ryoma Ishizaki",baz4071@gmail.com,478953709,"6 People","4.30 PM",28/02/2018
"Ryoma Ishizaki",baz4071@gmail.com,478953709,"5 People","3.00 PM",22/02/2018
"Ryoma Ishizaki",baz4071@gmail.com,478953709,"5 People","3.00 PM",22/02/2018
"Ryoma Ishizaki",baz4071@gmail.com,478953709,"6 People","4.30 PM",28/02/2018
"Ryoma Ishizaki",baz4071@gmail.com,478953709,"6 People","4.30 PM",28/02/2018
"Ryoma Ishizaki",baz4071@gmail.com,478953709,"6 People","4.30 PM",28/02/2018
"Ryoma Ishizaki",baz4071@gmail.com,478953709,"6 People","4.30 PM",28/02/2018
"Ryoma Ishizaki",baz4071@gmail.com,478953709,"6 People","4.30 PM",28/02/2018
"Ryoma Ishizaki",baz4071@gmail.com,478953709,"6 People","4.30 PM",28/02/2018
"Ryoma Ishizaki",baz4071@gmail.com,478953709,"6 People","4.30 PM",28/02/2018
"Ryoma Ishizaki",baz4071@gmail.com,478953709,"6 People","4.30 PM",28/02/2018
"Ryoma Ishizaki",baz4071@gmail.com,478953709,"6 People","4.30 PM",28/02/2018
"Ryoma Ishizaki",baz4071@gmail.com,478953709,"6 People","4.30 PM",28/02/2018
"Ryoma Ishizaki",baz4071@gmail.com,478953709,"6 People","4.30 PM",28/02/2018
"Ryoma Ishizaki",baz4071@gmail.com,478953709,"6 People","4.30 PM",28/02/2018
"Ryoma Ishizaki",baz4071@gmail.com,478953709,"6 People","4.30 PM",28/02/2018
"Ryoma Ishizaki",baz4071@gmail.com,478953709,"6 People","4.30 PM",28/02/2018
"Ryoma Ishizaki",baz4071@gmail.com,478953709,"6 People","4.30 PM",28/02/2018
"Ryoma Ishizaki",baz4071@gmail.com,478953709,"6 People","4.30 PM",28/02/2018
"Ryoma Ishizaki",baz4071@gmail.com,478953709,"6 People","4.30 PM",28/02/2018
"Ryoma Ishizaki",baz4071@gmail.com,478953709,"6 People","4.30 PM",28/02/2018
"Ryoma Ishizaki",baz4071@gmail.com,478953709,"6 People","4.30 PM",28/02/2018
"Ryoma Ishizaki",baz4071@gmail.com,478953709,"6 People","4.30 PM",28/02/2018
"Ryoma Ishizaki",baz4071@gmail.com,478953709,"6 People","4.30 PM",28/02/2018
"Ryoma Ishizaki",baz4071@gmail.com,478953709,"6 People","4.30 PM",28/02/2018
"Ryoma Ishizaki",baz4071@gmail.com,478953709,"6 People","4.30 PM",28/02/2018
"Ryoma Ishizaki",baz4071@gmail.com,478953709,"6 People","4.30 PM",28/02/2018
"Ryoma Ishizaki",baz4071@gmail.com,478953709,"2 People","12.00 PM",22/02/2018
"Ryoma Ishizaki",baz4071@gmail.com,478953709,"2 People","12.00 PM",22/02/2018
"Ryoma Ishizaki",baz4071@gmail.com,478953709,"2 People","12.00 PM",22/02/2018
"Ryoma Ishizaki",baz4071@gmail.com,478953709,"2 People","12.00 PM",22/02/2018
"Ryoma Ishizaki",baz4071@gmail.com,478953709,"2 People","12.00 PM",22/02/2018
"Ryoma Ishizaki",baz4071@gmail.com,,fdsgvsgs
"Ryoma Ishizaki",baz4071@gmail.com,,cfhgj
"Ryoma Ishizaki",baz4071@gmail.com,,dssadsa
"Ryoma Ishizaki",baz4071@gmail.com,,dssadsa
"Ryoma Ishizaki",baz4071@gmail.com,,fdadssd
"Ryoma Ishizaki",baz4071@gmail.com,,fdadssd
"Ryoma Ishizaki",baz4071@gmail.com,wqdsa,wadgrfhj
"Ryoma Ishizaki",baz4071@gmail.com,wqdsa,wadgrfhj
"Ryoma Ishizaki1111",baz4071@gmail.com,478953709,"3 People","1.00 PM",14/02/2018
"Ryoma Ishizaki123",baz4071@gmail.com,0478953709,"8 People","6.30 PM",28/02/2018
"Ryoma Ishizaki1111",baz4071@gmail.com,478953709,"3 People","1.00 PM",14/02/2018
"Ryoma Ishizaki1111",baz4071@gmail.com,478953709,"3 People","1.00 PM",14/02/2018
"Ryoma Ishizaki1111",baz4071@gmail.com,478953709,"3 People","1.00 PM",14/02/2018
"Ryoma Ishizaki1111",baz4071@gmail.com,478953709,"3 People","1.00 PM",14/02/2018
"Ryoma Ishizaki1234",baz4071@gmail.com,478953709,"6 People","6.30 PM",23/02/2018
"Ryoma Ishizaki1234",baz4071@gmail.com,478953709,"6 People","6.30 PM",23/02/2018
"Ryoma Ishizaki",baz4071@gmail.com,478953709,"5 People","1.00 PM",25/02/2018,,
,,,0,0,,,
,,,0,0,,,
,,,0,0,//,,
,,,0,0,//,,
,,,0,0,//,,
hayley,,,0,0,//,,
"Ryoma Ishizaki",baz4071@gmail.com,478953709,"4 People","3.30 PM",16/02/2018,
,,,0,0,//,
,,,0,0,//,
,,,0,0,//,spaghetti,basil,zucchini,spinach,chilli
,,,0,0,//,spaghetti,basil,zucchini,spinach,chilli
,,,0,0,//,
,,,0,0,//,
,,,0,0,//,
,,,0,0,//,
,,,0,0,//,
,,,0,0,//,
"Ryoma Ishizaki",baz4071@gmail.com,478953709,"5 People","2.30 PM",//,,fusilli
,,,0,0,//,
,,,0,0,//,
,,,0,0,//,
,,,0,0,cyvkhjbkn,
,,,0,0,cyvkhjbkn,
,,,0,0,//,cyvkhjbkn
wqwqwq,baz4071@gmail.com,478953709,"4 People","12.30 PM",21/02/2018,"HEllo pa",spaghetti,garlic,mushroom
qwqwq,baz4071@gmail.com,478953709,"8 People","2.00 PM",23/02/2018,awdfsgh
,,,,,//,
,,,,,//,
,,,,,//,
,,,,,//,
,,,,,//,
wqwqwq,baz4071@gmail.com,478953709,"2 People",0,03/03/2018,qwqwq,ravioli,chilli
aaaaa,baz4071@gmail.com,478953709,"4 People","1.00 PM",01/03/2018,asasa,spaghetti,prawn
sake,baz4071@gmail.com,478953709,"2 People","12.30 PM",10/02/2018,,c,linguine,mozzarella
shit,baz4071@gmail.com,478953709,"2 People","12.30 PM",10/03/2018,,sdfasf,spaghetti,basil
,,,0,0,//,,,greenFettuicine,chilli
,,,0,0,//,,,chilli
,,,0,0,//,,
